,City,Cloudiness,Country,Date,Humidity,Lat,Lon,Max Temp,Wind Speed
0,rikitea,80.0,PF,1554645512,100.0,-23.12,-134.97,76.89,8.63
1,punta arenas,0.0,CL,1554644547,56.0,-53.16,-70.91,42.8,8.05
2,severo-kurilsk,88.0,RU,1554645506,95.0,50.68,156.12,32.52,18.7
3,mercedes,0.0,UY,1554645912,64.0,-33.25,-58.03,71.76,4.5
4,snyder,1.0,US,1554645674,81.0,32.72,-100.92,63.0,6.93
5,taolanaro,,,,,,,,
6,bluff,0.0,AU,1554645524,65.0,-23.58,149.07,66.81,8.3
7,saint anthony,90.0,US,1554645307,81.0,43.97,-111.68,42.8,13.87
8,kyrksaeterora,75.0,NO,1554645645,55.0,63.29,9.09,41.0,20.8
9,ribeira grande,20.0,PT,1554643800,48.0,38.52,-28.7,60.8,21.92
10,esperance,20.0,TT,1554644820,58.0,10.24,-61.45,86.0,11.41
11,kota kinabalu,75.0,MY,1554645617,79.0,5.98,116.07,84.2,3.36
12,saint-augustin,32.0,FR,1554645018,58.0,44.83,-0.61,59.0,4.7
13,qunduz,,,,,,,,
14,koeru,56.0,EE,1554645913,54.0,58.97,26.03,52.77,9.19
15,ushuaia,40.0,AR,1554642000,69.0,-54.81,-68.31,39.2,18.34
16,vaini,20.0,IN,1554642000,46.0,15.34,74.49,89.6,6.93
17,palabuhanratu,,,,,,,,
18,barabinsk,0.0,RU,1554645914,69.0,55.35,78.35,27.93,6.06
19,jamestown,0.0,AU,1554645514,85.0,-33.21,138.6,46.11,2.59
20,nizhneyansk,,,,,,,,
21,ponta do sol,92.0,BR,1554645583,99.0,-20.63,-46,70.77,3.15
22,castro,90.0,CL,1554642000,100.0,-42.48,-73.76,57.2,6.93
23,laguna,5.0,MX,1554642060,71.0,27.52,-110.01,50.0,3.71
24,mataura,0.0,NZ,1554645518,70.0,-46.19,168.86,29.55,2.59
25,belmonte,92.0,PT,1554645807,85.0,40.36,-7.35,52.0,8.01
26,san patricio,12.0,PY,1554645562,73.0,-26.98,-56.83,74.19,4.72
27,east london,0.0,ZA,1554642000,69.0,-33.02,27.91,73.4,20.8
28,new norfolk,20.0,AU,1554645495,71.0,-42.78,147.06,52.0,11.41
29,cocentaina,40.0,ES,1554645843,26.0,38.74,-0.44,69.8,23.04
30,zachagansk,,,,,,,,
31,parabel,8.0,RU,1554645915,78.0,58.71,81.5,27.21,4.5
32,geraldton,75.0,CA,1554642000,79.0,49.72,-86.95,26.6,10.29
33,nago,40.0,IT,1554645907,48.0,45.88,10.89,63.0,9.17
34,grand river south east,,,,,,,,
35,barrow,0.0,AR,1554645503,44.0,-38.31,-60.23,76.44,9.64
36,brae,0.0,GB,1554643200,61.0,60.4,-1.35,46.4,27.51
37,yuyao,0.0,CN,1554645884,64.0,30.04,121.15,70.0,2.24
38,cabo san lucas,5.0,MX,1554645059,77.0,22.89,-109.91,66.99,5.82
39,yellowknife,90.0,CA,1554645120,85.0,62.45,-114.38,21.2,10.29
40,mys shmidta,,,,,,,,
41,cape town,0.0,ZA,1554645191,53.0,-33.93,18.42,80.01,12.75
42,labuhan,92.0,ID,1554645916,94.0,-2.54,115.51,74.37,1.7
43,hermanus,8.0,ZA,1554644793,46.0,-34.42,19.24,80.01,4.0
44,flinders,0.0,AU,1554645435,48.0,-34.58,150.85,72.0,4.7
45,bairiki,,,,,,,,
46,georgetown,40.0,GY,1554642000,69.0,6.8,-58.16,86.0,13.87
47,junagarh,24.0,IN,1554645916,62.0,19.86,82.94,75.27,5.17
48,khatanga,88.0,RU,1554645509,83.0,71.98,102.47,16.95,16.02
49,cockburn town,0.0,TC,1554645865,95.0,21.46,-71.14,79.14,18.03
50,bandundu,68.0,CD,1554645916,96.0,-3.32,17.38,79.14,0.36
51,saint-joseph,20.0,FR,1554645682,58.0,43.56,6.97,59.0,6.93
52,haines junction,88.0,CA,1554645551,92.0,60.75,-137.51,26.94,2.48
53,kapaa,20.0,US,1554645502,82.0,22.08,-159.32,73.4,6.93
54,independence,1.0,US,1554645825,88.0,39.09,-94.42,64.0,4.7
55,sitka,0.0,US,1554645554,60.0,37.17,-99.65,62.85,19.82
56,celestun,0.0,MX,1554645800,89.0,20.87,-90.4,81.21,13.67
57,busselton,0.0,AU,1554645311,47.0,-33.64,115.35,59.0,14.79
58,zhigansk,56.0,RU,1554645517,76.0,66.77,123.37,23.16,7.63
59,henties bay,0.0,NA,1554645729,81.0,-22.12,14.28,64.0,8.99
60,saint-philippe,90.0,CA,1554645509,86.0,45.36,-73.48,45.0,7.63
61,marcona,,,,,,,,
62,jaen,56.0,PE,1554645918,93.0,-5.71,-78.81,67.44,1.25
63,margate,20.0,AU,1554645555,71.0,-43.03,147.26,52.0,11.41
64,clyde river,24.0,CA,1554644640,84.0,70.47,-68.59,8.6,14.99
65,lebu,48.0,ET,1554642000,82.0,8.96,38.73,60.8,27.51
66,gao,0.0,ML,1554645918,13.0,16.28,-0.04,97.32,11.77
67,hobart,20.0,AU,1554645495,71.0,-42.88,147.33,52.0,11.41
68,coquimbo,90.0,CL,1554642000,93.0,-29.95,-71.34,57.2,3.36
69,saldanha,92.0,PT,1554645578,96.0,41.42,-6.55,46.65,8.63
70,upernavik,80.0,GL,1554645523,87.0,72.79,-56.15,32.7,10.2
71,ardakan,90.0,IR,1554643800,55.0,32.31,54.02,66.2,2.24
72,kodiak,90.0,US,1554645441,100.0,39.95,-94.76,60.01,10.29
73,kralendijk,68.0,BQ,1554641700,69.0,12.15,-68.27,82.4,23.04
74,avarua,64.0,CK,1554643800,94.0,-21.21,-159.78,73.4,2.24
75,cap malheureux,75.0,MU,1554645540,69.0,-19.98,57.61,82.4,12.75
76,jalu,8.0,LY,1554645529,40.0,29.03,21.55,82.29,4.61
77,natal,75.0,BR,1554645600,74.0,-5.81,-35.21,86.0,8.05
78,sao joao da barra,20.0,BR,1554642000,58.0,-21.64,-41.05,87.8,4.7
79,samarai,92.0,PG,1554645920,100.0,-10.62,150.67,77.16,7.07
80,mar del plata,92.0,AR,1554645221,54.0,-46.43,-67.52,56.37,5.39
81,albany,75.0,US,1554645494,70.0,42.65,-73.75,53.01,3.36
82,tuktoyaktuk,40.0,CA,1554642000,76.0,69.44,-133.03,-5.81,11.41
83,namatanai,80.0,PG,1554645622,100.0,-3.66,152.44,78.78,5.61
84,port alfred,0.0,ZA,1554645379,85.0,-33.59,26.89,70.0,7.0
85,champerico,40.0,MX,1554641100,82.0,16.38,-93.6,66.2,2.82
86,marfino,0.0,RU,1554644412,45.0,56.07,37.56,48.99,8.95
87,shestakovo,56.0,RU,1554645920,51.0,56.49,103.96,24.33,4.83
88,mahebourg,75.0,MU,1554645239,69.0,-20.41,57.7,82.4,12.75
89,ancud,90.0,CL,1554642000,100.0,-41.87,-73.83,57.2,6.93
90,carnarvon,48.0,ZA,1554645509,16.0,-30.97,22.13,79.68,11.32
91,san quintin,0.0,PH,1554645545,86.0,17.54,120.52,72.03,2.37
92,pevek,8.0,RU,1554645530,73.0,69.7,170.27,-6.54,4.61
93,faanui,0.0,PF,1554645530,97.0,-16.48,-151.75,85.62,16.69
94,nishihara,0.0,JP,1554645905,82.0,35.74,139.53,64.0,4.7
95,esmeralda,0.0,CL,1554642000,39.0,-34.33,-70.9,62.6,3.36
96,vega de alatorre,0.0,MX,1554645921,61.0,20.03,-96.65,80.31,2.59
97,shizunai,0.0,JP,1554645921,87.0,42.33,142.37,23.7,5.61
98,curuguaty,12.0,PY,1554645922,80.0,-24.47,-55.69,72.66,2.93
99,bisho,,,,,,,,
100,ijaki,,,,,,,,
101,provideniya,0.0,RU,1554645511,100.0,64.42,-173.23,14.79,24.07
102,sept-iles,40.0,CA,1554645800,41.0,50.2,-66.38,26.01,14.99
103,aflu,,,,,,,,
104,katsuura,75.0,JP,1554644101,59.0,33.93,134.5,62.6,11.41
105,nelson bay,44.0,AU,1554645681,82.0,-32.72,152.14,73.99,1.12
106,qena,75.0,EG,1554642000,26.0,26.16,32.72,96.8,9.17
107,jieshi,12.0,CN,1554645923,94.0,22.82,115.83,72.66,6.62
108,millinocket,1.0,US,1554645904,56.0,45.66,-68.71,48.0,9.17
109,butaritari,92.0,KI,1554645502,100.0,3.07,172.79,80.94,13.0
110,sinaloa,1.0,MX,1554645180,44.0,32.55,-115.28,60.8,4.61
111,saint george,20.0,GR,1554645199,52.0,39.45,22.34,68.0,8.05
112,hithadhoo,76.0,MV,1554645507,100.0,-0.6,73.08,85.35,3.15
113,kruisfontein,8.0,ZA,1554645555,66.0,-34.0,24.73,71.94,18.92
114,norman wells,40.0,CA,1554642000,92.0,65.28,-126.83,8.6,3.36
115,takoradi,0.0,GH,1554645924,88.0,4.89,-1.75,85.35,13.67
116,vardo,90.0,US,1554645545,82.0,39.62,-77.74,61.0,3.36
117,illoqqortoormiut,,,,,,,,
118,souillac,75.0,FR,1554645428,47.0,45.6,-0.6,62.01,12.75
119,salinopolis,88.0,BR,1554645580,100.0,-0.61,-47.36,78.96,6.73
120,santa rosa,0.0,AR,1554645571,32.0,-36.62,-64.29,81.21,8.75
121,sagua la grande,20.0,CU,1554641400,83.0,22.81,-80.07,75.2,5.82
122,hervey bay,0.0,AU,1554644721,88.0,-25.3,152.85,66.99,5.82
123,bubaque,20.0,GW,1554645924,69.0,11.28,-15.83,91.11,7.4
124,korla,,,,,,,,
125,qaqortoq,75.0,GL,1554641400,98.0,60.72,-46.03,32.0,4.7
126,atuona,92.0,PF,1554645501,98.0,-9.8,-139.03,82.83,15.23
127,roma,75.0,IT,1554645508,58.0,41.89,12.48,61.0,8.05
128,tineo,20.0,ES,1554645777,58.0,43.34,-6.41,59.0,4.7
129,airai,32.0,TL,1554645510,89.0,-8.93,125.41,70.77,0.81
130,karaul,,,,,,,,
131,lavrentiya,0.0,RU,1554645532,89.0,65.58,-170.99,12.63,33.58
132,chuy,36.0,UY,1554645567,90.0,-33.69,-53.46,71.31,4.72
133,ilinskiy,0.0,RU,1554643800,45.0,55.62,38.12,46.4,4.47
134,inyonga,36.0,TZ,1554645925,41.0,-6.72,32.06,84.54,4.83
135,campoverde,75.0,IT,1554645917,58.0,41.54,12.73,62.01,8.05
136,beringovskiy,68.0,RU,1554645926,91.0,63.05,179.32,12.09,25.08
137,petropavlovsk-kamchatskiy,40.0,RU,1554642000,64.0,53.05,158.65,33.8,6.71
138,saint-leu,0.0,RE,1554645668,54.0,-21.15,55.28,84.99,21.92
139,guangyuan,0.0,CN,1554645926,52.0,32.43,105.86,63.57,2.59
140,sorland,20.0,NO,1554641400,59.0,67.67,12.69,37.4,19.46
141,nantucket,1.0,US,1554645436,57.0,41.28,-70.1,52.0,9.17
142,hilo,90.0,US,1554645380,83.0,19.71,-155.08,69.8,5.82
143,pandan,0.0,PH,1554645926,97.0,11.72,122.09,81.66,12.33
144,nikolskoye,40.0,RU,1554645336,30.0,59.7,30.79,54.0,8.95
145,pedernales,24.0,EC,1554645557,66.0,0.07,-80.05,81.75,4.61
146,skjervoy,40.0,NO,1554643200,100.0,70.03,20.97,32.0,5.82
147,fukue,92.0,JP,1554645845,82.0,35.03,136.69,62.01,9.17
148,bay roberts,90.0,CA,1554645801,68.0,47.58,-53.28,34.0,16.11
149,saskylakh,20.0,RU,1554645513,77.0,71.97,114.09,15.87,13.44
150,gazli,32.0,UZ,1554645927,65.0,40.13,63.45,60.6,9.86
151,puerto ayora,0.0,EC,1554644813,78.0,-0.74,-90.35,80.01,4.7
152,buala,44.0,SB,1554645927,100.0,-8.15,159.59,76.53,3.15
153,nunoa,0.0,PE,1554645928,80.0,-14.48,-70.64,46.29,1.7
154,bredasdorp,0.0,ZA,1554642000,60.0,-34.53,20.04,75.2,12.75
155,dzhusaly,,,,,,,,
156,touros,75.0,BR,1554645600,74.0,-5.2,-35.46,86.0,8.05
157,dingzhou,0.0,CN,1554642000,38.0,38.51,115,59.0,4.47
158,gat,0.0,SN,1554643800,16.0,14.69,-16.54,93.2,11.41
159,celarevo,0.0,RS,1554643800,37.0,45.27,19.53,71.6,4.7
160,asosa,0.0,ET,1554645929,15.0,10.07,34.53,92.28,3.04
161,auki,76.0,NG,1554645929,31.0,12.18,6.51,98.22,8.19
162,leshukonskoye,8.0,RU,1554645929,82.0,64.9,45.76,40.71,2.37
163,las vegas,75.0,US,1554645795,38.0,36.17,-115.15,60.8,3.27
164,lagunas,92.0,PE,1554645929,98.0,-5.23,-75.68,72.21,3.38
165,taoudenni,0.0,ML,1554645554,24.0,22.68,-3.98,82.56,4.72
166,codrington,90.0,AU,1554645535,93.0,-28.95,153.24,68.0,5.82
167,kendal,75.0,ID,1554643800,88.0,-6.92,110.2,78.8,6.93
168,longyearbyen,20.0,NO,1554641400,56.0,78.22,15.63,15.8,3.36
169,shimoda,56.0,JP,1554645911,53.0,34.7,138.93,60.01,9.53
170,urdzhar,,,,,,,,
171,ola,0.0,RU,1554645930,82.0,59.58,151.3,28.38,16.58
172,bathsheba,40.0,BB,1554642000,65.0,13.22,-59.52,80.6,18.34
173,pascagoula,90.0,US,1554645926,100.0,30.37,-88.56,71.6,9.17
174,anadyr,0.0,RU,1554642000,71.0,64.73,177.51,8.6,17.9
175,grand centre,,,,,,,,
176,tsihombe,,,,,,,,
177,port-cartier,40.0,CA,1554645800,41.0,50.03,-66.88,26.01,14.99
178,rio gallegos,0.0,AR,1554642000,75.0,-51.62,-69.22,44.6,8.05
179,port macquarie,75.0,AU,1554645905,82.0,-31.43,152.91,68.0,8.41
180,mansfield,1.0,US,1554645616,87.0,40.76,-82.52,62.01,4.7
181,sahrak,,,,,,,,
182,qixingtai,0.0,CN,1554645915,76.0,30.41,111.89,71.01,9.75
183,tasiilaq,75.0,GL,1554641400,91.0,65.61,-37.64,32.0,27.51
184,arraial do cabo,0.0,BR,1554642000,70.0,-22.97,-42.02,86.0,6.93
185,dasoguz,0.0,TM,1554643800,32.0,41.84,59.97,68.0,11.41
186,noumea,0.0,NC,1554643800,88.0,-22.28,166.46,66.2,2.24
187,sinnamary,88.0,GF,1554645513,91.0,5.38,-52.96,81.21,12.33
188,eagle pass,1.0,MX,1554644100,72.0,28.71,-100.5,62.6,5.82
189,samusu,,,,,,,,
190,naze,40.0,NG,1554642000,66.0,5.43,7.07,89.6,8.05
191,belushya guba,,,,,,,,
192,whyalla,0.0,AU,1554642000,63.0,-33.04,137.58,62.6,4.7
193,mosquera,40.0,CO,1554643740,59.0,4.71,-74.23,64.4,5.82
194,bambous virieux,75.0,MU,1554645540,69.0,-20.34,57.76,82.4,12.75
195,tautira,92.0,PF,1554644543,78.0,-17.73,-149.15,80.6,2.24
196,hambantota,20.0,LK,1554642600,79.0,6.12,81.12,84.2,5.82
197,megion,0.0,RU,1554643800,59.0,61.04,76.11,33.8,4.47
198,victoria,75.0,BN,1554643800,88.0,5.28,115.24,82.4,7.18
199,luderitz,0.0,NA,1554645514,82.0,-26.65,15.16,63.84,14.23
200,isangel,0.0,VU,1554645536,100.0,-19.55,169.27,77.61,11.32
201,palakollu,20.0,IN,1554643800,51.0,16.52,81.72,84.2,9.17
202,krasnoselkup,,,,,,,,
203,varna,0.0,BG,1554643800,55.0,43.22,27.9,62.6,10.29
204,yuancheng,,,,,,,,
205,teguise,40.0,ES,1554643800,56.0,29.06,-13.56,71.6,13.87
206,sao filipe,0.0,CV,1554645531,89.0,14.9,-24.5,73.29,15.46
207,muscle shoals,75.0,US,1554645922,82.0,34.75,-87.67,68.0,10.29
208,bethel,1.0,US,1554641760,92.0,60.79,-161.76,24.8,9.17
209,pisco,0.0,PE,1554642000,30.0,-13.71,-76.2,71.6,3.36
210,san andres,8.0,PH,1554645909,100.0,13.32,122.68,82.11,4.38
211,pierre,90.0,US,1554645825,81.0,44.37,-100.35,51.01,12.75
212,livramento,75.0,BR,1554642000,100.0,-3.03,-60.18,77.0,4.7
213,srednekolymsk,8.0,RU,1554645538,85.0,67.46,153.71,4.8,2.82
214,mbanza-ngungu,24.0,CD,1554645935,76.0,-5.25,14.87,84.54,5.61
215,qaanaaq,80.0,GL,1554645500,88.0,77.48,-69.36,15.33,15.12
216,kununurra,40.0,AU,1554643800,74.0,-15.77,128.74,82.4,2.24
217,porto santo,,,,,,,,
218,warrnambool,32.0,AU,1554645609,100.0,-38.38,142.48,57.0,3.0
219,husavik,92.0,CA,1554645316,99.0,50.56,-96.99,39.99,3.15
220,carutapera,92.0,BR,1554645936,99.0,-1.2,-46.02,78.24,0.47
221,yanchukan,,,,,,,,
222,riachao das neves,20.0,BR,1554645936,87.0,-11.75,-44.91,76.89,4.5
223,vallenar,0.0,CL,1554645936,65.0,-28.58,-70.76,68.16,0.69
224,tazovskiy,88.0,RU,1554645556,87.0,67.47,78.7,27.93,20.27
225,emerald,0.0,AU,1554645701,68.0,-23.53,148.16,71.6,8.05
226,quatre cocos,75.0,MU,1554645239,69.0,-20.21,57.76,82.4,12.75
227,ketchikan,90.0,US,1554641760,87.0,55.34,-131.65,44.6,24.16
228,vaitape,80.0,PF,1554645937,96.0,-16.52,-151.75,84.99,16.02
229,jilib,0.0,SO,1554645937,35.0,0.49,42.79,93.18,11.21
230,naron,20.0,ES,1554645842,76.0,43.52,-8.15,59.0,17.22
231,kichera,0.0,RU,1554645937,55.0,55.93,110.1,4.44,0.58
232,palmer,20.0,AU,1554645916,59.0,-34.85,139.16,66.2,12.75
233,klaksvik,12.0,FO,1554643200,52.0,62.23,-6.59,42.8,16.11
234,grieskirchen,20.0,AT,1554645910,48.0,48.23,13.83,64.99,4.7
235,faya,40.0,SA,1554642000,44.0,18.39,42.45,80.6,8.05
236,paamiut,0.0,GL,1554645561,91.0,61.99,-49.67,33.69,16.13
237,ramona,1.0,US,1554645907,93.0,33.04,-116.87,55.99,2.71
238,harper,90.0,US,1554645451,87.0,30.3,-99.24,62.6,11.41
239,saurimo,76.0,AO,1554645527,91.0,-9.66,20.4,71.49,1.48
240,coihaique,75.0,CL,1554642000,100.0,-45.58,-72.07,51.8,8.05
241,vostok,56.0,RU,1554645518,80.0,46.45,135.83,23.61,2.15
242,thompson,75.0,CA,1554642000,55.0,55.74,-97.86,6.8,9.17
243,tiksi,32.0,RU,1554645537,72.0,71.64,128.87,18.93,8.19
244,barentsburg,,,,,,,,
245,kidal,0.0,ML,1554645939,14.0,18.44,1.41,90.66,10.42
246,yuncheng,0.0,CN,1554645939,51.0,35.03,111,63.12,3.94
247,dalvik,0.0,SE,1554645903,51.0,57.79,14.13,57.0,11.41
248,wichita falls,90.0,US,1554645666,93.0,33.91,-98.49,62.6,7.4
249,attawapiskat,,,,,,,,
250,adrar,0.0,DZ,1554642000,13.0,27.87,-0.29,78.8,16.11
251,mineros,0.0,BO,1554642000,56.0,-17.12,-63.23,69.8,13.87
252,menongue,12.0,AO,1554645554,38.0,-14.66,17.68,83.64,3.27
253,reconquista,0.0,AR,1554645940,64.0,-29.14,-59.64,74.46,4.5
254,lagoa,75.0,PT,1554645454,93.0,37.14,-8.45,61.0,21.92
255,springfield,1.0,US,1554645380,100.0,37.22,-93.29,62.01,3.36
256,juifang,,,,,,,,
257,torbay,90.0,CA,1554645322,78.0,47.66,-52.73,34.0,12.75
258,vaitupu,,,,,,,,
259,port elizabeth,1.0,US,1554645238,81.0,39.31,-74.98,64.0,8.86
260,chokurdakh,48.0,RU,1554645554,66.0,70.62,147.9,10.56,2.93
261,exeter,40.0,GB,1554645694,76.0,50.73,-3.53,57.99,17.22
262,maceio,75.0,BR,1554645600,62.0,-9.67,-35.74,86.0,11.41
263,sola,20.0,NO,1554645904,81.0,58.89,5.65,50.0,9.17
264,tommot,32.0,RU,1554645941,72.0,58.97,126.27,23.07,3.38
265,nanortalik,44.0,GL,1554645553,96.0,60.14,-45.24,32.97,6.96
266,belomorsk,56.0,RU,1554645941,88.0,64.52,34.76,37.74,3.6
267,aksarka,12.0,RU,1554645575,80.0,66.56,67.8,24.24,11.77
268,volga,75.0,US,1554645759,100.0,44.32,-96.93,51.8,5.82
269,talnakh,80.0,RU,1554645587,86.0,69.49,88.39,17.13,9.64
270,araguacu,,,,,,,,
271,broken arrow,90.0,US,1554645840,82.0,36.05,-95.79,63.0,9.17
272,qinzhou,20.0,CN,1554645941,90.0,21.96,108.62,74.19,7.74
273,macusani,88.0,PE,1554645942,98.0,-14.07,-70.43,54.03,2.59
274,melivoia,90.0,GR,1554645883,93.0,41.33,24.93,57.0,6.93
275,tieling,80.0,CN,1554645942,56.0,42.29,123.84,38.91,5.95
276,los llanos de aridane,20.0,ES,1554645002,60.0,28.66,-17.92,68.0,4.7
277,nuevo progreso,90.0,US,1554645924,83.0,26.05,-97.95,78.01,9.17
278,bousso,,,,,,,,
279,chicama,90.0,PE,1554644100,100.0,-7.84,-79.15,64.4,6.93
280,liverpool,75.0,GB,1554645698,66.0,53.41,-2.98,60.01,6.93
281,kadykchan,,,,,,,,
282,kaitangata,0.0,NZ,1554645439,77.0,-46.28,169.85,48.0,4.0
283,san cristobal,90.0,EC,1554645647,82.0,-0.39,-78.55,59.0,2.24
284,saint-paul,90.0,FR,1554645911,54.0,45.22,1.9,57.0,10.29
285,baykit,0.0,RU,1554645585,68.0,61.68,96.39,14.61,6.06
286,ouesso,88.0,CG,1554645944,95.0,1.61,16.05,73.56,3.71
287,alterosa,92.0,BR,1554645944,100.0,-21.25,-46.14,66.63,1.36
288,hasaki,0.0,JP,1554645162,87.0,35.73,140.83,55.4,11.41
289,khonuu,,,,,,,,
290,kavieng,80.0,PG,1554645557,100.0,-2.57,150.8,77.16,3.6
291,constitucion,20.0,MX,1554645017,41.0,23.99,-104.67,48.99,2.24
292,kudahuvadhoo,88.0,MV,1554645944,100.0,2.67,72.89,82.56,4.16
293,presidente epitacio,68.0,BR,1554645944,86.0,-21.76,-52.12,77.16,6.73
294,agadez,0.0,NE,1554642000,14.0,16.97,7.99,104.0,18.34
295,maltahohe,0.0,NA,1554645945,9.0,-24.83,16.98,81.21,16.13
296,rocha,0.0,UY,1554645836,71.0,-34.48,-54.34,71.04,4.38
297,kargasok,0.0,RU,1554645945,78.0,59.06,80.87,29.28,4.16
298,acari,32.0,BR,1554645945,64.0,-6.44,-36.64,84.27,9.19
299,brokopondo,40.0,SR,1554642000,62.0,5.06,-54.98,84.2,12.75
300,banfora,80.0,BF,1554645945,59.0,10.64,-4.75,88.68,5.73
301,koronowo,0.0,PL,1554645944,41.0,53.31,17.94,66.99,3.36
302,svetlogorsk,20.0,RU,1554643800,39.0,53.14,59.15,50.0,11.18
303,pontes e lacerda,64.0,BR,1554645946,83.0,-15.23,-59.33,73.83,7.4
304,lodja,68.0,CD,1554645574,86.0,-3.52,23.6,79.14,1.48
305,jiayuguan,48.0,CN,1554645946,64.0,39.77,98.29,37.92,5.95
306,lentekhi,0.0,GE,1554645946,65.0,42.79,42.72,51.24,1.36
307,rio grande,20.0,BR,1554642000,69.0,-32.03,-52.1,75.2,5.82
308,sabha,0.0,LY,1554645910,28.0,27.03,14.43,82.83,13.0
309,vladyslavivka,75.0,UA,1554643800,81.0,50.53,25.74,59.0,8.95
310,yian,,,,,,,,
311,hastings,68.0,NZ,1554645947,100.0,-39.64,176.84,52.59,9.64
312,san rafael,0.0,AR,1554645949,19.0,-34.61,-68.33,79.77,2.37
313,mehamn,40.0,NO,1554641400,59.0,71.03,27.85,33.8,9.17
314,mount gambier,75.0,AU,1554642000,93.0,-37.83,140.78,55.4,6.93
315,teeli,80.0,RU,1554645949,84.0,51.01,90.2,20.37,1.25
316,ormara,0.0,PK,1554645548,63.0,25.21,64.64,82.56,16.8
317,dikson,24.0,RU,1554645526,100.0,73.51,80.55,12.63,0.69
318,ilulissat,75.0,GL,1554641400,44.0,69.22,-51.1,39.2,34.45
319,oranzherei,90.0,RU,1554643800,71.0,45.85,47.57,57.2,13.42
320,grajau,,,,,,,,
321,mingguang,0.0,CN,1554645950,73.0,32.78,118.01,61.59,9.75
322,carsamba,0.0,TR,1554645000,82.0,41.2,36.72,55.4,10.29
323,herat,8.0,AF,1554645950,66.0,34.35,62.22,58.89,2.59
324,moindou,0.0,NC,1554643800,88.0,-21.69,165.68,66.2,2.24
325,paramonga,56.0,PE,1554645550,91.0,-10.68,-77.82,68.34,4.72
326,indian head,8.0,CA,1554645531,91.0,50.53,-103.67,35.01,7.0
327,mocambique,,,,,,,,
328,niltepec,0.0,MX,1554645951,51.0,16.57,-94.62,85.8,10.76
329,cabinda,48.0,AO,1554645951,96.0,-5.56,12.19,83.73,8.41
330,oranjestad,40.0,AW,1554642000,74.0,12.52,-70.03,82.4,24.16
331,tuatapere,0.0,NZ,1554645549,100.0,-46.13,167.69,44.31,3.71
332,bokspits,,,,,,,,
333,chom bung,,,,,,,,
334,yabrud,40.0,SY,1554645683,38.0,33.97,36.66,73.4,4.7
335,umzimvubu,,,,,,,,
336,mana,40.0,RS,1554643800,44.0,43.52,20.24,69.8,9.17
337,yar-sale,12.0,RU,1554645952,77.0,66.83,70.83,24.06,13.89
338,lere,0.0,TD,1554645952,20.0,9.66,14.23,105.87,4.61
339,mandalgovi,68.0,MN,1554645582,70.0,45.76,106.27,30.09,11.99
340,kirakira,24.0,SB,1554645952,100.0,-10.46,161.92,82.92,0.58
341,teseney,0.0,ER,1554645952,20.0,15.11,36.66,95.16,6.4
342,ca mau,0.0,VN,1554645952,92.0,9.18,105.15,79.14,7.4
343,vila velha,75.0,BR,1554644890,66.0,-3.71,-38.6,84.2,9.17
344,villacidro,75.0,IT,1554645632,87.0,39.46,8.74,57.2,9.17
345,benidorm,40.0,ES,1554645823,26.0,38.54,-0.13,69.8,23.04
346,mankono,20.0,CI,1554645953,68.0,8.06,-6.19,89.31,7.74
347,ngaoundere,40.0,CM,1554642000,51.0,7.32,13.58,82.4,13.87
348,guerrero negro,0.0,MX,1554645555,92.0,27.97,-114.04,59.07,4.5
349,luwuk,20.0,ID,1554645953,99.0,-0.95,122.79,78.96,2.04
350,evensk,0.0,RU,1554645560,90.0,61.92,159.24,26.31,14.79
351,nabire,64.0,ID,1554645527,95.0,-3.36,135.5,70.5,1.36
352,mentok,,,,,,,,
353,kamenka,0.0,RU,1554645954,95.0,53.19,44.05,32.34,3.38
354,bacolod,76.0,PH,1554645954,88.0,10.68,122.95,77.52,7.74
355,cherskiy,0.0,RU,1554645557,45.0,68.75,161.3,-1.14,2.26
356,yichang,0.0,CN,1554645954,64.0,30.77,111.32,69.24,9.75
357,araouane,0.0,ML,1554645954,19.0,18.9,-3.53,88.05,9.08
358,jumla,0.0,NP,1554645587,82.0,29.28,82.18,28.11,1.81
359,msowero,75.0,TZ,1554642000,52.0,-6.53,37.2,89.6,2.71
360,nome,90.0,US,1554645519,88.0,30.04,-94.42,73.99,8.05
361,lasa,20.0,CY,1554645000,73.0,34.92,32.53,69.8,4.7
362,thinadhoo,20.0,MV,1554645694,100.0,0.53,72.93,83.55,0.81
363,payo,68.0,ID,1554645955,94.0,-3.75,103.64,76.26,0.92
364,bayji,20.0,IQ,1554645955,56.0,34.93,43.49,66.72,4.38
365,aksu,0.0,KZ,1554643800,44.0,52.04,76.93,39.2,8.95
366,arlit,0.0,NE,1554645956,21.0,18.74,7.39,93.54,8.75
367,bima,20.0,ID,1554645537,97.0,-8.45,118.73,76.89,3.49
368,olafsvik,,,,,,,,
369,cidreira,100.0,BR,1554645519,99.0,-30.17,-50.22,69.33,7.4
370,andros town,40.0,BS,1554645633,74.0,24.73,-77.79,81.0,10.29
371,bonavista,44.0,CA,1554644720,88.0,48.65,-53.11,32.0,11.99
372,jinchang,92.0,CN,1554645956,72.0,38.52,102.19,43.59,2.71
373,nhulunbuy,40.0,AU,1554643800,94.0,-12.18,136.78,77.0,9.64
374,loveland,1.0,US,1554645898,43.0,40.4,-105.08,54.0,2.71
375,bargal,,,,,,,,
376,amderma,,,,,,,,
377,lira,24.0,UG,1554645957,20.0,2.25,32.9,93.09,9.75
378,copiapo,90.0,CL,1554642000,82.0,-27.37,-70.33,60.8,9.17
379,mitchell,90.0,US,1554645903,81.0,43.71,-98.03,53.6,16.11
380,yulara,36.0,AU,1554642000,24.0,-25.24,130.99,80.6,5.82
381,rawson,24.0,AR,1554645515,39.0,-43.3,-65.11,75.54,4.38
382,shizukuishi,0.0,JP,1554645957,81.0,39.7,140.98,23.61,3.15
383,astorga,40.0,ES,1554645847,39.0,42.46,-6.05,50.0,11.41
384,avera,90.0,US,1554645486,93.0,33.19,-82.53,66.99,5.82
385,roros,75.0,NO,1554643200,74.0,62.57,11.38,30.2,18.34
386,eureka,75.0,US,1554645425,100.0,40.8,-124.16,57.99,12.75
387,toamasina,75.0,MG,1554643920,88.0,-18.17,49.38,77.0,10.29
388,kysyl-syr,0.0,RU,1554645958,69.0,63.9,122.77,18.48,5.06
389,marsa matruh,0.0,EG,1554642000,72.0,31.35,27.25,68.0,11.41
390,yenagoa,8.0,NG,1554645958,70.0,4.92,6.26,89.31,9.98
391,almetyevsk,92.0,RU,1554645660,96.0,54.9,52.3,35.85,13.11
392,burnie,0.0,AU,1554645224,82.0,-41.05,145.91,52.0,8.01
393,kasane,40.0,BW,1554642000,33.0,-17.8,25.16,91.4,6.93
394,kisangani,76.0,CD,1554645959,97.0,0.52,25.21,75.27,2.71
395,key west,90.0,US,1554645799,100.0,47.93,-96.78,39.0,5.82
396,vadamadurai,36.0,IN,1554645959,76.0,10.47,78.08,75.99,1.81
397,fallon,1.0,US,1554641760,60.0,46.84,-105.12,41.0,11.41
398,mao,75.0,DO,1554645915,83.0,19.55,-71.08,82.0,11.41
399,ron phibun,20.0,TH,1554642000,88.0,8.18,99.85,80.6,1.7
400,xiamen,8.0,CN,1554642000,94.0,24.46,118.07,71.6,2.24
401,parrita,20.0,CR,1554642000,73.0,9.52,-84.33,73.4,9.17
402,oconomowoc,1.0,US,1554645698,81.0,43.11,-88.5,55.0,5.82
403,sangar,8.0,RU,1554645960,75.0,63.92,127.47,19.29,5.17
404,gaimersheim,56.0,DE,1554645929,41.0,48.81,11.37,63.0,5.82
405,coxim,88.0,BR,1554645961,80.0,-18.5,-54.75,76.89,4.16
406,dentsville,90.0,US,1554645874,88.0,34.06,-80.96,64.4,3.83
407,itarema,24.0,BR,1554645562,98.0,-2.92,-39.92,84.09,7.96
408,date,20.0,JP,1554645618,80.0,42.53,140.93,36.0,3.36
409,aden,0.0,YE,1554645673,95.0,12.79,45.03,81.39,13.22
410,santa maria,75.0,BR,1554642000,88.0,-29.69,-53.81,69.8,8.05
411,boyolangu,24.0,ID,1554645962,92.0,-8.09,111.9,73.2,4.05
412,baruun-urt,0.0,MN,1554645572,58.0,46.68,113.28,15.06,2.93
413,lata,36.0,IN,1554645962,100.0,30.78,78.62,47.64,1.03
414,van,75.0,TR,1554641400,61.0,38.51,43.37,48.2,6.93
415,bellevue,90.0,US,1554645964,100.0,47.61,-122.19,45.0,5.82
416,granadilla de abona,75.0,ES,1554645918,60.0,28.12,-16.58,69.01,8.05
417,half moon bay,20.0,US,1554645489,93.0,37.46,-122.43,57.99,6.4
418,hay river,90.0,CA,1554642000,86.0,60.82,-115.79,30.2,5.82
419,amantea,75.0,IT,1554645801,93.0,39.13,16.07,59.0,8.05
420,bardiyah,,,,,,,,
421,galiakot,0.0,IN,1554645965,21.0,23.54,74.01,89.94,6.96
422,aswan,0.0,EG,1554642000,11.0,24.09,32.9,100.4,13.87
423,san ramon,40.0,NI,1554645318,88.0,12.92,-85.84,68.0,6.93
424,maniitsoq,92.0,GL,1554645516,93.0,65.42,-52.9,33.06,16.91
425,barsana,68.0,IN,1554645965,57.0,27.65,77.38,76.44,1.7
426,kathmandu,75.0,NP,1554645000,77.0,27.71,85.32,62.6,4.7
427,mangrol,44.0,IN,1554645966,31.0,25.33,76.51,86.34,7.07
428,antalaha,92.0,MG,1554645966,99.0,-14.9,50.28,76.62,4.27
429,elko,1.0,US,1554645362,70.0,40.83,-115.76,46.99,6.4
430,kamenskoye,,,,,,,,
431,nueve de julio,0.0,AR,1554645773,31.0,-31.67,-68.39,77.34,3.71
432,balikpapan,20.0,ID,1554643800,94.0,-1.24,116.86,80.6,4.7
433,wanaka,0.0,NZ,1554645966,77.0,-44.7,169.14,21.09,1.92
434,tabou,0.0,CI,1554645967,96.0,4.42,-7.36,85.53,15.23
435,pangai,80.0,TO,1554645967,97.0,-19.8,-174.35,82.11,11.43
436,conakry,0.0,GN,1554642000,62.0,9.52,-13.7,87.8,11.41
437,mapiripan,36.0,CO,1554645967,30.0,2.89,-72.13,96.51,9.42
438,nouakchott,0.0,MR,1554643800,16.0,18.08,-15.98,87.8,14.99
439,nguiu,,,,,,,,
440,leningradskiy,44.0,RU,1554645509,73.0,69.38,178.42,-2.58,4.38
441,loralai,24.0,PK,1554645967,13.0,30.37,68.6,67.17,10.76
442,lakatoro,0.0,VU,1554645968,96.0,-16.11,167.42,78.24,7.29
443,segezha,44.0,RU,1554645968,81.0,63.74,34.31,41.61,2.93
444,ballina,75.0,IE,1554645784,71.0,54.11,-9.15,57.99,11.41
445,ygatimi,12.0,PY,1554645968,75.0,-24.08,-55.5,74.19,2.93
446,bilibino,0.0,RU,1554645968,60.0,68.06,166.44,0.39,2.37
447,khani,0.0,GE,1554643800,22.0,41.96,42.96,77.0,5.82
448,lerwick,40.0,GB,1554643200,70.0,60.15,-1.15,46.4,28.86
449,bridlington,75.0,GB,1554645963,87.0,54.08,-0.19,55.4,11.41
450,ust-kuyga,0.0,RU,1554645969,50.0,70.0,135.55,0.84,2.82
451,wanlaweyn,0.0,SO,1554645969,38.0,2.62,44.89,93.63,9.42
452,asau,,,,,,,,
453,alta,40.0,NO,1554645907,97.0,69.97,23.27,33.8,16.11
454,hobyo,0.0,SO,1554645970,73.0,5.35,48.53,82.56,8.63
455,kazbegi,,,,,,,,
456,arona,75.0,IT,1554645964,66.0,45.76,8.56,55.99,5.82
457,pimenteiras,12.0,BR,1554645970,99.0,-6.24,-41.42,82.74,4.72
458,dourdan,0.0,FR,1554645950,51.0,48.53,2.01,62.01,6.93
459,yomitan,,,,,,,,
460,sentyabrskiy,,,,,,,,
461,miramar,0.0,CR,1554642000,69.0,10.09,-84.73,73.4,9.17
462,gorontalo,8.0,ID,1554645971,92.0,0.54,123.06,74.73,2.37
463,kahului,40.0,US,1554645038,77.0,20.89,-156.47,68.0,5.82
464,fenoarivo atsinanana,92.0,MG,1554645971,97.0,-17.38,49.41,72.93,4.94
465,vila franca do campo,20.0,PT,1554645484,62.0,37.72,-25.43,57.2,21.92
466,port blair,20.0,IN,1554642000,70.0,11.67,92.75,84.2,2.24
467,ahipara,56.0,NZ,1554645528,92.0,-35.17,173.16,59.43,12.77
468,oktyabrskoye,0.0,RU,1554645921,43.0,56.73,85.44,36.0,6.71
469,zambezi,68.0,ZM,1554645972,47.0,-13.55,23.12,84.99,7.96
470,asyut,0.0,EG,1554642000,25.0,27.18,31.19,89.6,19.46
471,lhokseumawe,48.0,ID,1554645675,100.0,5.18,97.15,83.91,7.29
472,dingle,12.0,PH,1554645973,82.0,11.0,122.67,78.24,10.2
473,pedra,36.0,BR,1554645829,79.0,-8.5,-36.94,81.12,4.94
474,dhidhdhoo,24.0,MV,1554645973,100.0,6.88,73.1,85.44,1.92
475,longlac,,,,,,,,
476,tarudant,,,,,,,,
477,sabang,36.0,PH,1554645589,94.0,13.72,123.58,77.43,7.18
478,verkhoyansk,0.0,RU,1554645973,55.0,67.55,133.39,5.79,2.48
479,port hardy,90.0,CA,1554642000,93.0,50.7,-127.42,41.0,2.24
480,murray bridge,92.0,AU,1554645939,83.0,-35.12,139.28,63.0,11.43
481,karlskrona,0.0,SE,1554643200,38.0,56.16,15.59,60.8,10.29
482,tondano,20.0,ID,1554643800,94.0,1.3,124.91,77.0,1.7
483,port keats,64.0,AU,1554645501,74.0,-14.25,129.55,83.01,12.44
484,ankang,8.0,CN,1554645594,78.0,32.73,108.99,55.56,1.81
485,mildura,0.0,AU,1554645617,52.0,-34.18,142.16,66.2,9.17
486,parakou,76.0,BJ,1554645974,87.0,9.34,2.63,81.21,6.17
487,moron,0.0,VE,1554645528,61.0,10.49,-68.2,81.3,2.93
488,alice springs,0.0,AU,1554643800,33.0,-23.7,133.88,73.4,6.93
489,plettenberg bay,12.0,ZA,1554645974,84.0,-34.05,23.37,68.43,17.02
490,seoul,1.0,KR,1554644400,43.0,37.57,126.98,53.6,1.12
491,sao jose da coroa grande,68.0,BR,1554645748,97.0,-8.9,-35.15,81.84,6.96
492,champasak,40.0,LA,1554642000,46.0,14.89,105.88,91.4,2.24
493,aklavik,40.0,CA,1554642000,71.0,68.22,-135.01,8.6,9.17
494,tunxi,,,,,,,,
495,abengourou,36.0,CI,1554645763,51.0,6.73,-3.5,93.81,6.29
496,coahuayana,0.0,MX,1554645538,23.0,18.62,-100.35,77.7,1.92
497,wakkanai,8.0,JP,1554645976,100.0,45.41,141.67,36.84,20.04
498,dali,0.0,CN,1554645976,85.0,25.6,100.24,53.04,2.71
499,tahe,76.0,CN,1554645976,71.0,52.34,124.71,30.81,4.61
500,rabo de peixe,20.0,PT,1554645965,62.0,37.8,-25.58,57.2,21.92
501,ishigaki,0.0,JP,1554645976,98.0,24.34,124.16,76.89,6.51
502,iracoubo,92.0,GF,1554645976,72.0,5.48,-53.21,81.39,6.51
503,tiznit,0.0,MA,1554645770,75.0,29.7,-9.73,63.84,8.97
504,kuche,,,,,,,,
505,beloha,0.0,MG,1554645568,39.0,-25.17,45.06,88.23,13.67
506,mahaicony,,,,,,,,
507,sokoni,0.0,CD,1554645977,48.0,-12.89,28.78,83.19,6.06
508,zyryanovskiy,,,,,,,,
509,winnemucca,90.0,US,1554645733,61.0,40.97,-117.74,50.0,8.05
510,richards bay,12.0,ZA,1554645571,76.0,-28.77,32.06,74.64,5.17
511,grenada,90.0,US,1554644520,88.0,33.77,-89.81,69.8,4.7
512,pahrump,1.0,US,1554645912,70.0,36.21,-115.98,57.99,2.37
513,falealupo,,,,,,,,
514,warmbad,75.0,DE,1554645917,54.0,50.67,13.08,66.99,10.29
515,warwick,1.0,US,1554645954,66.0,41.7,-71.42,59.0,9.17
516,qiqihar,80.0,CN,1554645978,67.0,47.35,123.91,34.23,7.4
517,toliary,,,,,,,,
518,lensk,0.0,RU,1554645978,69.0,60.71,114.91,17.76,4.72
519,malwan,,,,,,,,
520,rodrigues alves,90.0,BR,1554642000,94.0,-7.74,-72.65,68.0,1.12
521,semporna,75.0,MY,1554642000,88.0,4.48,118.61,80.6,2.24
522,hami,56.0,CN,1554645563,58.0,42.84,93.51,52.59,3.15
523,grindavik,75.0,IS,1554643800,60.0,63.84,-22.43,42.8,4.7
524,denpasar,40.0,ID,1554643800,83.0,-8.65,115.22,82.4,3.36
525,idukki,8.0,IN,1554645734,90.0,9.85,76.97,77.7,1.03
526,poum,40.0,MK,1554643800,44.0,41.28,20.71,59.0,6.93
527,merauke,80.0,ID,1554645979,98.0,-8.49,140.4,80.04,4.38
528,sioux lookout,90.0,CA,1554644100,84.0,50.1,-91.92,35.6,5.82
529,abu dhabi,0.0,AE,1554642000,16.0,24.47,54.37,98.6,11.41
530,innisfail,40.0,CA,1554645917,56.0,52.02,-113.95,39.0,10.29
531,ardmore,90.0,US,1554645972,88.0,34.99,-86.85,68.0,4.7
532,siocon,48.0,PH,1554645980,94.0,11.03,124.04,81.66,10.09
533,tygda,36.0,RU,1554645980,57.0,53.11,126.33,30.36,5.61
534,nouadhibou,0.0,MR,1554642000,29.0,20.93,-17.03,78.8,12.75
535,ligayan,0.0,PH,1554645980,100.0,4.65,119.47,82.92,10.42
536,kyra,,,,,,,,
537,sanming,0.0,CN,1554645981,97.0,26.24,117.6,62.76,1.92
538,mindelo,90.0,PT,1554645658,100.0,41.31,-8.72,55.0,18.34
539,grand gaube,75.0,MU,1554645540,69.0,-20.01,57.66,82.4,12.75
540,karratha,56.0,AU,1554645539,68.0,-20.74,116.85,80.67,6.62
541,hirson,76.0,FR,1554645920,67.0,49.92,4.08,63.0,11.41
542,ostersund,90.0,SE,1554645718,93.0,63.18,14.64,35.01,6.93
543,mikhaylov,0.0,RU,1554645911,38.0,54.23,39.03,48.99,1.01
544,westport,75.0,IE,1554645784,71.0,53.8,-9.52,57.99,11.41
545,comodoro rivadavia,75.0,AR,1554643440,58.0,-45.87,-67.48,59.0,1.12
546,shakhtinsk,0.0,KZ,1554643800,45.0,49.71,72.59,44.6,11.18
547,gushikawa,75.0,JP,1554645748,88.0,26.35,127.87,75.2,5.82
548,waingapu,0.0,ID,1554645982,92.0,-9.65,120.26,74.64,6.73
549,marawi,48.0,PH,1554644756,84.0,8.0,124.29,80.01,1.99
550,narsaq,75.0,GL,1554641400,95.0,60.91,-46.05,32.0,4.7
551,cortez,1.0,US,1554645832,86.0,37.35,-108.58,41.0,5.82
552,rawannawi,,,,,,,,
553,san lawrenz,40.0,MT,1554645930,77.0,36.06,14.2,60.01,8.05
554,malpe,40.0,IN,1554643800,74.0,13.35,74.72,86.0,5.82
555,bandarbeyla,0.0,SO,1554645529,100.0,9.49,50.81,81.03,8.97
556,khorinsk,0.0,RU,1554645983,58.0,52.16,109.78,15.42,2.37
557,kiama,0.0,AU,1554645889,48.0,-34.67,150.86,72.0,4.7
558,tumannyy,,,,,,,,
559,udachnyy,76.0,RU,1554645984,81.0,66.42,112.4,28.56,4.5
560,tabory,0.0,PL,1554645660,43.0,53.89,19.53,62.01,1.99
561,saleaula,,,,,,,,
562,okha,80.0,RU,1554645984,90.0,53.59,142.95,27.84,7.96
563,stare mesto,40.0,CZ,1554645962,50.0,50.09,14.42,64.99,11.41
564,assiniboia,0.0,CA,1554645984,65.0,49.63,-105.99,44.4,13.44
565,tiarei,76.0,PF,1554645744,78.0,-17.53,-149.33,80.6,2.24
566,kavaratti,0.0,IN,1554645551,99.0,10.57,72.64,85.44,11.43
567,yilan,75.0,TW,1554645963,78.0,24.75,121.75,77.0,3.36
568,nakamura,80.0,JP,1554645971,82.0,35.17,136.87,62.01,9.17
569,powell river,90.0,CA,1554645926,87.0,49.84,-124.52,46.4,6.93
570,bengkulu,,,,,,,,
571,bani,0.0,PH,1554645986,98.0,15.89,120.27,77.16,5.84
572,lamu,24.0,ID,1554645986,100.0,0.57,122.3,73.83,2.48
573,okhotsk,0.0,RU,1554645986,92.0,59.36,143.24,24.69,1.7
574,juba,76.0,EE,1554645758,35.0,57.82,26.93,55.4,11.41
575,hualmay,8.0,PE,1554645501,71.0,-11.1,-77.61,75.63,4.38
576,arman,0.0,RU,1554645986,74.0,59.7,150.17,20.37,4.61
577,biu,20.0,NG,1554645987,17.0,10.61,12.19,105.06,4.27
578,somerset,75.0,US,1554645729,100.0,37.09,-84.6,64.99,4.7
579,szomod,75.0,HU,1554645909,45.0,47.68,18.34,66.99,10.29
580,padang,20.0,ID,1554642000,88.0,-0.92,100.36,80.6,2.24
581,yakeshi,80.0,CN,1554645987,68.0,49.28,120.73,30.0,7.18
582,santa cruz de tenerife,40.0,ES,1554645096,72.0,28.47,-16.25,68.0,10.29
583,srandakan,32.0,ID,1554645988,93.0,-7.94,110.25,74.19,2.71
584,ngunguru,0.0,NZ,1554645784,91.0,-35.62,174.5,51.01,11.88
585,kokuy,32.0,RU,1554645988,66.0,52.2,117.55,21.0,3.04
586,northam,40.0,GB,1554645926,76.0,51.04,-4.21,55.99,17.22
587,louisbourg,,,,,,,,
588,corrales,64.0,CO,1554645989,87.0,5.83,-72.84,57.18,2.48
589,ekibastuz,0.0,KZ,1554645989,42.0,51.72,75.32,37.83,7.96
590,kilinochchi,12.0,LK,1554645989,94.0,9.4,80.4,84.81,12.21
591,pangnirtung,80.0,CA,1554645525,91.0,66.15,-65.72,19.56,2.93
592,pemangkat,,,,,,,,
593,semey,0.0,KZ,1554645829,41.0,50.41,80.25,37.92,8.63
594,palu,12.0,ID,1554645989,95.0,-0.9,119.87,67.44,1.25
595,lazaro cardenas,0.0,MX,1554645418,43.0,28.39,-105.62,55.0,5.5
596,inongo,92.0,CD,1554645989,100.0,-1.93,18.29,72.84,4.38
597,nicoya,0.0,CR,1554642000,69.0,10.15,-85.45,78.8,3.36
598,djibo,36.0,BF,1554645990,16.0,14.1,-1.63,100.2,14.56
599,vangaindrano,88.0,MG,1554645990,76.0,-23.35,47.6,75.63,3.15
600,oliver,90.0,CA,1554645722,61.0,49.18,-119.55,46.4,11.41
601,nzerekore,64.0,GN,1554645990,65.0,7.76,-8.82,89.49,5.5
602,ixtapa,5.0,MX,1554645320,100.0,20.71,-105.21,70.0,2.93
603,garissa,8.0,KE,1554645991,31.0,-0.46,39.64,95.79,6.96
604,tam ky,20.0,VN,1554643800,74.0,15.57,108.48,80.6,4.7
